<?xml version="1.0" encoding="UTF-8"?>
<beans xmlns="http://www.springframework.org/schema/beans"
    xmlns:xsi="http://www.w3.org/2001/XMLSchema-instance" 
    xmlns:context="http://www.springframework.org/schema/context"
    xsi:schemaLocation="http://www.springframework.org/schema/beans
    http://www.springframework.org/schema/beans/spring-beans.xsd
    http://www.springframework.org/schema/context
    http://www.springframework.org/schema/context/spring-context.xsd">

<!-- Logfiles  -->

	<bean id="myLoggerConfig" class="com.luv2code.ioc.MyLoggerConfig" init-method="initLogger">
    	<property name="rootLoggerLevel" value="FINE" />
    	<property name="printedLoggerLevel" value="FINE"/>
    </bean>
    <!-- Define your beans here -->
    
    <!-- define the dependency -->
    <!-- <bean id="myFortuneService"
    		class="com.luv2code.ioc.HappyFortuneService">
    	</bean> -->
    
 	<bean id="myCoach"
 		class="com.luv2code.ioc.TrackCoach">	 		
 	</bean>

    <!--
    <bean id="myCoach"
        class="com.luv2code.ioc.BaseballCoach">         
    </bean>
    -->

</beans>





